{
	"class_name" : "PinholeCameraParameters",
	"extrinsic" : 
	[
		0.96320521996470665,
		0.019157540762659755,
		-0.26808336924298043,
		0.0,
		-0.12999557140853074,
		-0.83981459855967111,
		-0.52707930281906179,
		0.0,
		-0.23523787035022811,
		0.54253518658054389,
		-0.80642340967701565,
		0.0,
		-1.1570852511419885,
		2.7276867985182331,
		27.796445163927714,
		1.0
	],
	"intrinsic" : 
	{
		"height" : 1526,
		"intrinsic_matrix" : 
		[
			1321.5547661750536,
			0.0,
			0.0,
			0.0,
			1321.5547661750536,
			0.0,
			1351.5,
			762.5,
			1.0
		],
		"width" : 2704
	},
	"version_major" : 1,
	"version_minor" : 0
}