{
	"class_name" : "PinholeCameraParameters",
	"extrinsic" : 
	[
		0.99913346617621324,
		0.025410941972124623,
		-0.032963628362105361,
		0.0,
		0.0016014092112619049,
		-0.81487690798262791,
		-0.57963183170458299,
		0.0,
		-0.041590290396242326,
		0.57907677285897174,
		-0.81421148289617928,
		0.0,
		-0.19051919897929581,
		2.9100682148303356,
		27.762531980420356,
		1.0
	],
	"intrinsic" : 
	{
		"height" : 1526,
		"intrinsic_matrix" : 
		[
			1321.5547661750536,
			0.0,
			0.0,
			0.0,
			1321.5547661750536,
			0.0,
			1351.5,
			762.5,
			1.0
		],
		"width" : 2704
	},
	"version_major" : 1,
	"version_minor" : 0
}