{
	"class_name" : "PinholeCameraParameters",
	"extrinsic" : 
	[
		0.99889294959451314,
		0.026585035537372955,
		-0.038808647694167323,
		0.0,
		-0.029824972740683475,
		-0.28006733102395176,
		-0.95951694153575939,
		0.0,
		-0.03637782636979385,
		0.95961217477614202,
		-0.27896438441136584,
		0.0,
		-0.28481755182710666,
		4.3842470550281947,
		30.726909164834865,
		1.0
	],
	"intrinsic" : 
	{
		"height" : 1016,
		"intrinsic_matrix" : 
		[
			879.88181024498977,
			0.0,
			0.0,
			0.0,
			879.88181024498977,
			0.0,
			923.5,
			507.5,
			1.0
		],
		"width" : 1848
	},
	"version_major" : 1,
	"version_minor" : 0
}