{
	"class_name" : "PinholeCameraParameters",
	"extrinsic" : 
	[
		0.99829989589421819,
		0.0080644108587400749,
		0.057725931218948034,
		0.0,
		0.057579622133042976,
		-0.2902241999512401,
		-0.9552248431011825,
		0.0,
		0.0090501366072160486,
		0.95692469873034636,
		-0.29019513432727762,
		0.0,
		0.026321076338491747,
		4.3309591231553162,
		30.617829474414894,
		1.0
	],
	"intrinsic" : 
	{
		"height" : 1524,
		"intrinsic_matrix" : 
		[
			1319.8227153674848,
			0.0,
			0.0,
			0.0,
			1319.8227153674848,
			0.0,
			1326.5,
			761.5,
			1.0
		],
		"width" : 2654
	},
	"version_major" : 1,
	"version_minor" : 0
}