{
	"class_name" : "PinholeCameraParameters",
	"extrinsic" : 
	[
		0.9971554540390799,
		0.047896320365631774,
		-0.058197448187606471,
		0.0,
		-0.021961957920113701,
		-0.55399349427889222,
		-0.83223126635628053,
		0.0,
		-0.07210182303126271,
		0.83114207617716962,
		-0.55136573734996686,
		0.0,
		-0.34269964984651391,
		4.166228634865659,
		29.080734008953034,
		1.0
	],
	"intrinsic" : 
	{
		"height" : 1526,
		"intrinsic_matrix" : 
		[
			1321.5547661750536,
			0.0,
			0.0,
			0.0,
			1321.5547661750536,
			0.0,
			1244.5,
			762.5,
			1.0
		],
		"width" : 2490
	},
	"version_major" : 1,
	"version_minor" : 0
}