{
	"class_name" : "PinholeCameraParameters",
	"extrinsic" : 
	[
		0.99783857900736839,
		0.046315638544977743,
		0.04661578992923824,
		0.0,
		0.054447779331589258,
		-0.18555806180866169,
		-0.98112366449070609,
		0.0,
		-0.036791433383526383,
		0.981541169449343,
		-0.187678776385615,
		0.0,
		-1.4668311379629064,
		4.428374787475625,
		28.355691242109017,
		1.0
	],
	"intrinsic" : 
	{
		"height" : 600,
		"intrinsic_matrix" : 
		[
			519.6152422706632,
			0.0,
			0.0,
			0.0,
			519.6152422706632,
			0.0,
			399.5,
			299.5,
			1.0
		],
		"width" : 800
	},
	"version_major" : 1,
	"version_minor" : 0
}