{
	"class_name" : "PinholeCameraParameters",
	"extrinsic" : 
	[
		0.98429453195429994,
		0.12231938160873525,
		-0.12728803261784721,
		0.0,
		-0.078461707343325249,
		-0.34278298414895914,
		-0.93613224827409125,
		0.0,
		-0.15813928938007757,
		0.93141708952584235,
		-0.32780202942259684,
		0.0,
		-0.69208096041507927,
		4.2194461291529777,
		30.445509078703203,
		1.0
	],
	"intrinsic" : 
	{
		"height" : 1524,
		"intrinsic_matrix" : 
		[
			1319.8227153674848,
			0.0,
			0.0,
			0.0,
			1319.8227153674848,
			0.0,
			1326.5,
			761.5,
			1.0
		],
		"width" : 2654
	},
	"version_major" : 1,
	"version_minor" : 0
}