{
	"class_name" : "PinholeCameraParameters",
	"extrinsic" : 
	[
		0.99484792623555085,
		-0.097842061666598049,
		-0.026543071292783486,
		0.0,
		-0.043794284041607658,
		-0.17863910671579689,
		-0.9829395353922159,
		0.0,
		0.091431200091145873,
		0.97903779320341455,
		-0.18200366790062528,
		0.0,
		-0.87731388085223028,
		4.6046672829845869,
		19.273040679988519,
		1.0
	],
	"intrinsic" : 
	{
		"height" : 600,
		"intrinsic_matrix" : 
		[
			519.6152422706632,
			0.0,
			0.0,
			0.0,
			519.6152422706632,
			0.0,
			399.5,
			299.5,
			1.0
		],
		"width" : 800
	},
	"version_major" : 1,
	"version_minor" : 0
}